{"cameraMode":{"drawMode":0,"name":"Shaded","section":"Shading Mode"},"sceneLighting":true,"audioPlay":false,"sceneViewState":{"m_AlwaysRefresh":false,"showFog":true,"showSkybox":true,"showFlares":true,"showImageEffects":true,"showParticleSystems":true,"showVisualEffectGraphs":true,"m_FxEnabled":true},"in2DMode":false,"pivot":{"x":298.8297424316406,"y":213.19952392578126,"z":-20.4095458984375},"rotation":{"x":0.02248895727097988,"y":-0.028488874435424806,"z":0.0006411073263734579,"w":0.9993407726287842},"size":323.8756103515625,"orthographic":true}